matrix size, average time, standard deviation
10,3.04286e-05,1.04978e-06,
15,7.54286e-05,2.06032e-06,
25,0.000261714,4.80221e-06,
39,0.000893,3.15414e-05,
63,0.00308357,0.00024093,
100,0.0113894,0.000296396,
158,0.0442931,0.000373063,
251,0.23942,0.00291483,
398,0.911696,0.0804533,
630,4.0663,0.217744,
1000,20.6096,1.80542,
