matrix size, average time, standard deviation
10,2.33416e-05,6.26483e-06,
15,5.96443e-05,2.76965e-06,
25,0.000262977,2.71263e-05,
39,0.000950693,2.01074e-05,
63,0.00391407,7.87448e-05,
100,0.0152821,0.00017949,
158,0.0603244,0.000477675,
251,0.276029,0.0012327,
398,1.04701,0.0170481,
630,4.15589,0.0300732,
1000,17.8211,0.574213,
