matrix size, average time, standard deviation
10,2.4891e-05,2.72284e-06,
15,7.1486e-05,1.07883e-05,
25,0.0002775,2.41793e-06,
39,0.00100584,6.18809e-06,
63,0.00417748,1.05266e-05,
100,0.0164695,1.02657e-05,
158,0.0652177,5.74612e-05,
251,0.282071,0.000293635,
398,1.1116,0.000606685,
630,4.49918,0.00673395,
1000,25.2734,0.373579,
