matrix size,M.M. average time,M.M.T. average time,M.M. std,M.M.T. std
1000,0.0443955,0.03527,0.00144835,0.00144544
2000,0.241765,0.134013,0.00997535,0.00176447
3000,0.590137,0.299007,0.0153418,0.00151053
4000,1.06257,0.528519,0.0167006,0.00296443
5000,1.66925,0.822679,0.0258325,0.0203441
6000,2.42372,1.17735,0.039153,0.0221185
7000,3.31836,1.60421,0.0434587,0.0286924
8000,4.32315,2.06843,0.0835509,0.0307318
9000,9.9926,2.77914,3.97808,0.136212
10000,18.4929,3.62204,1.16142,0.0938691
